class_name,precision,recall,specificity,f1_score,support
acne,0.42857142857142855,0.2553191489361702,0.9262672811059908,0.32,47
eczema,0.6947368421052632,0.8571428571428571,0.4727272727272727,0.7674418604651163,154
psoriasis,0.43478260869565216,0.31746031746031744,0.8706467661691543,0.3669724770642202,63
