class_name,precision,recall,f1_score,support
acne,0.8834355828220859,0.9290322580645162,0.9056603773584907,155
scabies,0.8652482269503546,0.8299319727891157,0.8472222222222222,147
psoriasis,0.8068965517241379,0.7959183673469388,0.8013698630136987,147
