class_name,precision,recall,specificity,f1_score,support
acne,0.9148936170212766,0.86,0.9605263157894737,0.8865979381443299,150
eczema,0.8757396449704142,0.961038961038961,0.93,0.9164086687306501,154
psoriasis,0.8472222222222222,0.8133333333333334,0.9276315789473685,0.8299319727891157,150
